time_index,time_since_epoch_ns,fstate_size_min,fstate_size_max,fstate_size_mean,fstate_size_median,fstate_size_p95,fstate_size_count,stretch_hop_min,stretch_hop_max,stretch_hop_mean,stretch_hop_median,stretch_hop_p95,stretch_hop_count,stretch_dist_min,stretch_dist_max,stretch_dist_mean,stretch_dist_median,stretch_dist_p95,stretch_dist_count,compute_time_ms
0,0,324.0,324.0,324.0,324.0,324.0,324,1.0,1.0,1.0,1.0,1.0,30,0.9999999999999999,1.0000000000000002,1.0,1.0,1.0000000000000002,30,1998.1669270000566
1,300000000000,324.0,324.0,324.0,324.0,324.0,324,1.0,1.0,1.0,1.0,1.0,30,1.0,1.0000000000000002,1.0,1.0,1.0,30,1463.8173190000998
2,600000000000,324.0,324.0,324.0,324.0,324.0,324,1.0,1.0,1.0,1.0,1.0,30,0.9999999999999998,1.0000000000000002,1.0,1.0,1.0,30,1347.299502000169
3,900000000000,324.0,324.0,324.0,324.0,324.0,324,1.0,1.0,1.0,1.0,1.0,30,0.9999999999999998,1.0000000000000002,1.0,1.0,1.0,30,1478.911251000227
4,1200000000000,324.0,324.0,324.0,324.0,324.0,324,1.0,1.0,1.0,1.0,1.0,30,0.9999999999999999,1.0000000000000002,1.0,1.0,1.0,30,1253.296560000308
