time_index,time_since_epoch_ns,fstate_size_min,fstate_size_max,fstate_size_mean,fstate_size_median,fstate_size_p95,fstate_size_count,stretch_hop_min,stretch_hop_max,stretch_hop_mean,stretch_hop_median,stretch_hop_p95,stretch_hop_count,stretch_dist_min,stretch_dist_max,stretch_dist_mean,stretch_dist_median,stretch_dist_p95,stretch_dist_count,compute_time_ms
0,0,2.0,3.0,2.049382716049383,2.0,2.0,324,0.0,0.0,0.0,0.0,0.0,0,0.0,0.0,0.0,0.0,0.0,0,85.97403700014183
1,300000000000,2.0,3.0,2.052469135802469,2.0,2.849999999999966,324,0.0,0.0,0.0,0.0,0.0,0,0.0,0.0,0.0,0.0,0.0,0,127.29477800030509
2,600000000000,2.0,3.0,2.0462962962962963,2.0,2.0,324,1.0,1.0,1.0,1.0,1.0,2,0.9999999999999999,1.0,1.0,1.0,1.0,2,77.52159500023481
3,900000000000,2.0,3.0,2.0462962962962963,2.0,2.0,324,1.0,1.2,1.05,1.0,1.17,4,1.0,1.2319788691670974,1.0579947172917743,1.0,1.1971820387920327,4,87.2356149998268
4,1200000000000,2.0,3.0,2.052469135802469,2.0,2.849999999999966,324,1.0,1.2,1.1,1.1,1.2,4,1.0,1.2320326347231254,1.1160163173615627,1.1160163173615627,1.2320326347231254,4,154.5786080000653
