time_index,time_since_epoch_ns,fstate_size_min,fstate_size_max,fstate_size_mean,fstate_size_median,fstate_size_p95,fstate_size_count,stretch_hop_min,stretch_hop_max,stretch_hop_mean,stretch_hop_median,stretch_hop_p95,stretch_hop_count,stretch_dist_min,stretch_dist_max,stretch_dist_mean,stretch_dist_median,stretch_dist_p95,stretch_dist_count,compute_time_ms
0,0,324.0,324.0,324.0,324.0,324.0,324,0.0,0.0,0.0,0.0,0.0,0,0.0,0.0,0.0,0.0,0.0,0,172.8845289999299
1,300000000000,324.0,324.0,324.0,324.0,324.0,324,0.0,0.0,0.0,0.0,0.0,0,0.0,0.0,0.0,0.0,0.0,0,158.6177169997427
2,600000000000,324.0,324.0,324.0,324.0,324.0,324,0.0,0.0,0.0,0.0,0.0,0,0.0,0.0,0.0,0.0,0.0,0,130.96956299978046
3,900000000000,324.0,324.0,324.0,324.0,324.0,324,0.0,0.0,0.0,0.0,0.0,0,0.0,0.0,0.0,0.0,0.0,0,142.06724199993914
4,1200000000000,324.0,324.0,324.0,324.0,324.0,324,0.0,0.0,0.0,0.0,0.0,0,0.0,0.0,0.0,0.0,0.0,0,168.1219729998702
