time_index,time_since_epoch_ns,gs_handover_rate,sat_gs_churn,sat_gs_break_rate,gs_gs_churn,gs_gs_break_rate
1,300000000000,1.0,0.009259259259259259,0.0,0.0,0.0
2,600000000000,1.0,0.006172839506172839,0.037037037037037035,0.0,0.06666666666666667
3,900000000000,1.0,0.006172839506172839,0.037037037037037035,0.06666666666666667,0.06666666666666667
4,1200000000000,1.0,0.009259259259259259,0.0,0.13333333333333333,0.0
